UserID,CourseID,Feeback,Likes,RankingScore
1,9210378202,Expanded composite middleware,false,4
2,4772909621,Horizontal fault-tolerant productivity,false,5
3,9582464321,Fully-configurable foreground moderator,false,2
4,8794069352,Mandatory web-enabled customer loyalty,false,3
5,8939238400,Automated responsive hardware,false,3
6,5218215422,Future-proofed needs-based pricing structure,true,1
7,4508205062,Devolved intermediate software,false,4
8,1419189395,Centralized explicit installation,true,5
9,4288824192,Public-key intermediate success,false,1
10,8988652754,Open-architected tertiary pricing structure,true,3
11,528989839,Configurable global extranet,false,2
12,125001061,Centralized multi-state hierarchy,true,2
13,5616983764,Balanced object-oriented emulation,false,3
14,5140139847,Progressive next generation policy,false,2
15,2628781719,Assimilated context-sensitive service-desk,true,4
16,5308677352,Versatile multimedia strategy,true,3
17,729460983,Seamless contextually-based concept,false,5
18,3969074010,Decentralized scalable product,false,2
19,5825191933,Customizable needs-based initiative,true,4
20,3491858496,Centralized bandwidth-monitored budgetary management,false,5
21,5658698448,Virtual stable framework,true,3
22,7908649491,Operative 6th generation encoding,true,4
23,1353565076,Persevering 3rd generation projection,false,5
24,7215587797,Multi-lateral transitional knowledge user,true,3
25,3225186082,Versatile explicit website,true,3
26,2585130606,Total asynchronous ability,false,5
27,1610032950,Vision-oriented demand-driven internet solution,true,2
28,4256142282,Right-sized discrete product,false,4
29,2768363669,Synergistic coherent info-mediaries,false,4
30,9817849945,Open-architected national approach,true,4
31,2025718144,Grass-roots human-resource matrices,true,1
32,8271004921,Robust client-driven database,true,5
33,1676290125,Visionary full-range superstructure,true,3
34,7876758134,Face to face leading edge hardware,true,3
35,774967188,Total secondary time-frame,true,2
36,8268671750,Fully-configurable multi-tasking workforce,true,5
37,9225584210,Public-key optimizing toolset,true,3
38,9436188862,Total real-time throughput,false,2
39,3621227180,Reverse-engineered contextually-based time-frame,true,5
40,8598410691,Horizontal 4th generation core,false,3
41,8374403217,Programmable intermediate middleware,true,2
42,9635321309,Function-based demand-driven complexity,false,4
43,8501186821,Organic analyzing adapter,true,3
44,7672234323,Seamless multimedia hub,false,1
45,839100000,Re-contextualized holistic implementation,true,3
46,3853990924,Profit-focused incremental collaboration,false,4
47,9995989506,Multi-tiered modular projection,true,2
48,9055875953,Reactive logistical paradigm,false,3
49,5856904680,Down-sized motivating process improvement,true,4
50,7373344135,Seamless composite infrastructure,true,2
51,6087390049,Front-line dedicated open architecture,false,2
52,5279971839,Grass-roots neutral access,true,4
53,3517839477,Face to face upward-trending definition,true,5
54,4351188499,Organic object-oriented local area network,false,3
55,907597351,Up-sized explicit time-frame,false,5
56,652189466,Vision-oriented multi-state circuit,true,4
57,3673668315,Open-source dynamic data-warehouse,true,2
58,7108983095,Persevering motivating data-warehouse,true,3
59,292540477,Programmable real-time toolset,false,4
60,5526641872,Diverse responsive extranet,false,2
61,5291626046,Universal static project,true,5
62,4906486797,Visionary bi-directional hierarchy,false,3
63,7135789962,Sharable responsive interface,true,1
64,582741653,User-centric upward-trending local area network,false,1
65,2459010818,Distributed local policy,true,4
66,6842902339,Focused systematic structure,true,3
67,1752146131,Diverse tertiary database,false,1
68,6756720244,Vision-oriented leading edge core,false,3
69,9713486951,Devolved heuristic policy,false,3
70,8630147121,Programmable impactful approach,false,4
71,537911588,Organized well-modulated application,true,1
72,1106639642,Pre-emptive secondary knowledge user,false,5
73,8465420092,Upgradable regional hub,false,2
74,5875528265,Robust foreground Graphic Interface,true,1
75,2445815061,Right-sized zero administration monitoring,false,2
76,8743558283,Customer-focused full-range superstructure,false,2
77,908546750,Monitored heuristic knowledge base,true,2
78,4213359743,Vision-oriented web-enabled attitude,false,5
79,537621261,Compatible methodical hardware,true,4
80,7443738501,Decentralized asynchronous capability,false,3
81,7918981766,Innovative actuating complexity,true,4
82,5040075936,Versatile next generation budgetary management,true,4
83,5357098859,Devolved coherent matrix,true,2
84,4354251620,Integrated next generation emulation,true,1
85,6164636914,Virtual real-time application,true,5
86,7063996045,Persistent content-based info-mediaries,true,5
87,4484100622,Visionary tangible groupware,true,3
88,7437104040,Function-based logistical capability,true,2
89,8397094156,Re-contextualized high-level forecast,true,1
90,6596581098,Organized neutral info-mediaries,false,2
91,7410570245,Public-key asynchronous encryption,true,5
92,2264974214,Total optimal attitude,true,5
93,6096891144,Expanded well-modulated structure,true,4
94,8686135994,Configurable tertiary help-desk,true,2
95,7882461547,Devolved foreground interface,false,4
96,2913286968,Innovative responsive solution,true,2
97,9870333621,Multi-lateral context-sensitive benchmark,false,1
98,4275937228,Reactive 5th generation encryption,false,2
99,5196618457,Quality-focused 3rd generation customer loyalty,false,5
100,5333406944,Innovative responsive encoding,false,1
101,2452292931,Business-focused zero defect policy,false,5
102,9702921953,Intuitive zero defect firmware,false,4
103,7573961367,Persevering solution-oriented ability,true,1
104,6448794972,Exclusive cohesive synergy,true,3
105,3046041349,Object-based non-volatile encoding,true,2
106,6728835288,Operative composite policy,true,2
107,9294344916,Realigned motivating algorithm,false,4
108,8291776210,Future-proofed needs-based paradigm,true,5
109,1724205692,Down-sized asymmetric utilisation,true,1
110,1851962174,Object-based background firmware,true,2
111,9641968149,Intuitive attitude-oriented focus group,false,5
112,1745605169,Seamless uniform budgetary management,false,1
113,4011600733,Synergistic leading edge help-desk,false,1
114,7903889621,Cross-group motivating internet solution,false,2
115,6408159664,Devolved tangible Graphic Interface,true,3
116,3774365067,Enterprise-wide multi-state parallelism,false,1
117,3305871458,Assimilated reciprocal ability,false,2
118,4529724204,Triple-buffered hybrid pricing structure,false,3
119,4129902288,Down-sized impactful product,false,2
120,4932409397,Inverse mobile superstructure,false,5
121,7534442796,Devolved multi-tasking hierarchy,false,1
122,1353969517,Face to face bifurcated software,false,1
123,1627383905,Implemented methodical methodology,true,1
124,4224726831,Streamlined optimal productivity,true,3
125,3194897616,Centralized logistical utilisation,true,3
126,6501416930,Multi-layered intangible success,true,1
127,6622460493,De-engineered full-range initiative,false,3
128,4522629486,Grass-roots 6th generation implementation,true,4
129,4390936700,Customizable uniform groupware,true,3
130,3883886173,Face to face multi-tasking workforce,true,3
131,7902570923,Multi-layered non-volatile strategy,false,3
132,516466208,Profit-focused well-modulated throughput,false,4
133,5872829426,Future-proofed executive adapter,false,5
134,7095960674,Progressive maximized help-desk,false,5
135,8572628681,Synchronised bi-directional product,true,2
136,5378038170,Enhanced directional open architecture,false,3
137,8337179775,Self-enabling cohesive throughput,true,1
138,3011257884,Self-enabling uniform knowledge user,true,1
139,7723899130,Monitored heuristic middleware,false,2
140,6799680686,Extended tertiary protocol,false,3
141,1592992099,Managed mobile function,true,1
142,4838536364,Team-oriented modular neural-net,true,1
143,5965238436,Compatible needs-based emulation,true,3
144,6435569746,Diverse 4th generation secured line,false,4
145,7977077604,Seamless bifurcated local area network,true,3
146,9199057042,Extended foreground process improvement,false,4
147,8310779852,Switchable maximized benchmark,true,1
148,1638667381,Innovative tangible hardware,true,1
149,9462063915,Pre-emptive mission-critical emulation,false,1
150,9410347459,Business-focused scalable pricing structure,true,4
151,3540772324,Profound value-added capacity,false,4
152,4681074489,Focused reciprocal projection,true,4
153,7648877686,Switchable encompassing support,true,5
154,1252689500,Re-engineered eco-centric strategy,true,2
155,3271196818,Visionary foreground architecture,false,5
156,22121994,Inverse responsive task-force,false,3
157,6692618975,Pre-emptive local synergy,true,5
158,2153753503,Expanded mobile focus group,false,5
159,8791350948,Advanced national model,false,4
160,351770593,Phased asymmetric application,true,2
161,610582887,Monitored intangible contingency,false,2
162,9862039396,Multi-channelled web-enabled solution,true,4
163,9322245840,Re-contextualized object-oriented service-desk,true,4
164,2115833953,Compatible discrete function,false,4
165,973293098,Multi-lateral asymmetric internet solution,false,3
166,211753785,Monitored tertiary portal,true,5
167,6856487525,Customizable transitional time-frame,false,4
168,3425452371,Progressive executive open system,false,2
169,1368127193,Team-oriented reciprocal help-desk,false,5
170,9093681060,User-friendly encompassing product,false,4
171,2564859658,Streamlined homogeneous local area network,true,3
172,9217492450,Balanced composite service-desk,true,1
173,1064626610,Synergistic even-keeled open architecture,false,1
174,9850341009,Up-sized contextually-based superstructure,true,5
175,9796032880,Phased zero administration matrices,true,3
176,5395365605,Synchronised systemic firmware,false,5
177,2576817696,Diverse tangible capacity,true,1
178,9203373543,Multi-layered fault-tolerant instruction set,true,4
179,60651490,Automated object-oriented flexibility,false,4
180,6224408300,Visionary regional firmware,false,2
181,4909348247,Enterprise-wide empowering middleware,false,4
182,2663554685,User-centric user-facing service-desk,false,2
183,2159988421,Visionary client-driven software,true,5
184,6082637313,Customer-focused intermediate capability,false,2
185,4196340083,Monitored executive product,false,3
186,4754127552,Horizontal encompassing solution,false,3
187,3858831743,Open-architected cohesive archive,false,1
188,3748733445,Enterprise-wide mobile help-desk,false,3
189,1779871198,Reverse-engineered mobile hardware,true,4
190,4521055192,Customer-focused attitude-oriented paradigm,false,3
191,1744073864,Pre-emptive fault-tolerant moratorium,true,3
192,9360025933,Quality-focused client-server help-desk,false,4
193,1040206255,User-friendly attitude-oriented leverage,false,4
194,813649595,Streamlined full-range protocol,true,1
195,1057092363,Switchable heuristic benchmark,false,4
196,661328546,Open-source national productivity,true,2
197,5813531629,Organized non-volatile internet solution,false,1
198,1254431454,Customizable neutral synergy,true,4
199,1175949728,Secured directional portal,true,2
200,5853674595,Monitored transitional groupware,false,4
201,238953440,Open-architected even-keeled projection,false,1
202,2696506256,Phased logistical system engine,false,2
203,6045519442,Team-oriented bottom-line open system,false,2
204,6177470521,Triple-buffered maximized moratorium,false,3
205,28005406,Front-line transitional matrices,true,5
206,7656688315,Up-sized neutral matrix,false,4
207,576062642,Customizable fresh-thinking capacity,true,4
208,5926277019,Open-source transitional parallelism,false,2
209,9098346707,Proactive intermediate Graphic Interface,true,5
210,5972825139,Ergonomic exuding database,false,3
211,4732223400,Synchronised transitional hierarchy,true,4
212,8218308431,De-engineered radical artificial intelligence,false,2
213,3948761949,Optional executive attitude,true,1
214,857670921,Up-sized asynchronous groupware,true,4
215,7751189355,Decentralized asynchronous flexibility,true,1
216,5170950969,Cloned real-time paradigm,false,4
217,1585429961,Cross-group object-oriented core,true,5
218,4814248903,Multi-channelled needs-based parallelism,false,3
219,1970819413,Enhanced impactful challenge,false,3
220,1187439231,Re-engineered upward-trending analyzer,true,3
221,3091423603,Public-key systemic knowledge base,true,5
222,1532334869,Decentralized neutral website,false,3
223,3953923374,Configurable optimal Graphic Interface,true,5
224,8593397433,Managed real-time infrastructure,false,4
225,695281518,Centralized hybrid moratorium,false,1
226,7449033429,Upgradable optimizing structure,true,3
227,1012564932,Managed zero administration customer loyalty,true,4
228,282731024,Reactive transitional circuit,true,1
229,4981183739,Programmable heuristic complexity,false,2
230,7577671827,Innovative value-added infrastructure,false,1
231,5043662123,User-friendly upward-trending complexity,true,3
232,5118236053,Cloned explicit standardization,false,5
233,7537846049,Self-enabling static initiative,true,3
234,4433925144,Optional 3rd generation artificial intelligence,true,4
235,201492377,Monitored human-resource structure,true,2
236,6174272281,Robust grid-enabled emulation,false,5
237,8159496311,Robust didactic firmware,false,1
238,6579627360,Proactive next generation core,true,3
239,2228325309,Inverse system-worthy capability,true,2
240,7871355430,Polarised multi-state throughput,true,4
241,3692844972,Advanced holistic data-warehouse,true,1
242,899175783,Streamlined motivating policy,false,1
243,2006961985,Ameliorated radical intranet,false,3
244,5348751448,Streamlined value-added capability,false,5
245,228748631,Innovative grid-enabled matrix,false,2
246,5836540705,Face to face optimizing support,true,2
247,2340606365,Cross-group scalable benchmark,false,4
248,1997769492,Synchronised bottom-line structure,true,5
249,7719038975,Open-source neutral capability,false,1
250,5657371313,Object-based 4th generation functionalities,false,4
251,3420770235,Customizable grid-enabled process improvement,false,1
252,3092549058,Down-sized real-time hub,true,2
253,6958463544,Advanced composite initiative,true,1
254,6641809048,Cloned maximized customer loyalty,false,5
255,1994252111,Intuitive holistic array,true,1
256,9916750335,Ergonomic homogeneous methodology,false,5
257,1547859334,User-friendly composite workforce,true,4
258,925281255,Diverse client-driven complexity,false,4
259,233628339,Profound tertiary neural-net,false,4
260,5670458958,Innovative regional website,true,2
261,3073661409,Monitored modular help-desk,false,5
262,7490718538,Programmable full-range project,false,4
263,5665526908,Persevering system-worthy standardization,true,5
264,8449214483,Adaptive tertiary concept,false,2
265,5781489886,Front-line global support,true,3
266,1704491517,Configurable demand-driven instruction set,true,4
267,3012581855,Automated tertiary firmware,true,2
268,3354207353,Profit-focused bandwidth-monitored knowledge base,false,1
269,9177878159,Multi-channelled dynamic intranet,false,2
270,3052367277,Digitized composite application,true,4
271,6073745605,Synchronised analyzing task-force,false,2
272,895140136,Ameliorated intermediate infrastructure,false,1
273,8681749773,Ergonomic bandwidth-monitored product,true,2
274,9376313992,Upgradable secondary artificial intelligence,true,5
275,6807416946,Profit-focused optimal attitude,true,3
276,8783195,Multi-tiered optimal attitude,true,2
277,3580396897,Horizontal next generation solution,false,3
278,6802027623,Compatible explicit functionalities,false,4
279,466589034,Function-based directional internet solution,false,1
280,8863717729,Streamlined zero defect website,false,2
281,8196100833,Open-source mobile parallelism,true,5
282,1642534374,Reverse-engineered executive functionalities,false,1
283,8149563547,Triple-buffered explicit algorithm,false,1
284,4216992188,Persistent systemic Graphic Interface,true,4
285,3736671040,Open-source homogeneous firmware,false,1
286,1880610914,Reduced coherent portal,false,2
287,9318314396,Decentralized 4th generation infrastructure,false,3
288,4643358157,Front-line static help-desk,false,5
289,6202381124,Customer-focused radical benchmark,false,3
290,2747420019,Re-contextualized executive standardization,true,4
291,3753087335,Cross-platform disintermediate application,true,3
292,3164498586,Up-sized background matrices,true,2
293,7100801818,Exclusive fresh-thinking Graphical User Interface,false,2
294,2222800730,Innovative composite installation,false,4
295,4200879220,Down-sized background solution,true,5
296,306834057,Reduced intermediate ability,true,1
297,5844889479,Monitored value-added customer loyalty,true,1
298,6351845831,Phased static process improvement,false,4
299,4058538562,Distributed 6th generation methodology,true,5
300,6235289618,Versatile tertiary frame,true,3
301,9990498334,Re-contextualized heuristic artificial intelligence,true,1
302,7182104881,Integrated bandwidth-monitored open architecture,false,4
303,8920563403,Diverse even-keeled structure,false,3
304,6120508406,Devolved transitional analyzer,true,1
305,914930699,Monitored fault-tolerant implementation,false,3
306,8644744925,Virtual full-range secured line,true,3
307,2963325398,Intuitive 24/7 data-warehouse,true,5
308,7707987330,Realigned content-based knowledge base,false,2
309,38429039,Face to face radical attitude,false,3
310,3753170321,User-friendly full-range orchestration,true,1
311,974370509,Reactive background artificial intelligence,false,2
312,8369980570,Networked zero administration instruction set,true,5
313,8417076352,Cross-platform asynchronous installation,false,3
314,1735256722,Organized user-facing function,true,5
315,8849936672,Horizontal client-driven superstructure,false,3
316,432750428,Synergistic bottom-line projection,false,4
317,4010507322,Innovative tertiary toolset,true,1
318,3847561952,Progressive optimal info-mediaries,true,4
319,6727102155,Proactive asymmetric product,true,5
320,5267667552,Re-engineered object-oriented groupware,true,1
321,3672232882,User-friendly explicit database,false,1
322,8417164510,Fully-configurable composite support,false,3
323,7934115156,Grass-roots upward-trending parallelism,true,1
324,2927233144,Operative stable challenge,false,4
325,5918841601,Focused actuating workforce,true,1
326,852562829,Fully-configurable discrete customer loyalty,true,4
327,4199018840,Enhanced regional installation,true,2
328,5235703472,Vision-oriented composite moratorium,true,5
329,4153320056,Monitored zero administration support,true,4
330,8600617766,Ameliorated even-keeled adapter,false,2
331,6713865151,Fundamental intermediate definition,false,4
332,7220907737,Robust foreground paradigm,false,1
333,9251554404,Function-based 6th generation array,false,3
334,9700070875,Phased mission-critical pricing structure,true,1
335,8639384878,Integrated zero defect benchmark,true,1
336,7542136224,Adaptive coherent archive,true,5
337,9941190992,Synchronised 5th generation collaboration,false,1
338,8801650930,Future-proofed motivating archive,true,4
339,6127038790,Focused coherent model,true,5
340,7604124836,Grass-roots analyzing middleware,true,4
341,8958253231,Switchable human-resource service-desk,true,1
342,9404735132,Intuitive cohesive software,false,1
343,1045544620,Implemented global extranet,true,1
344,9110402209,Realigned scalable migration,true,3
345,6968013401,Future-proofed encompassing encryption,false,5
346,3560501008,Advanced solution-oriented capacity,false,5
347,8729261686,Assimilated foreground orchestration,true,3
348,4869711362,Automated exuding secured line,false,2
349,5402953325,Progressive composite task-force,true,4
350,6834424997,Integrated multi-state customer loyalty,false,4
351,6034448077,Secured transitional project,false,5
352,2985741157,Synergized dedicated info-mediaries,false,4
353,5491981486,Persevering hybrid definition,false,3
354,9465268577,Devolved encompassing hub,false,5
355,359053912,Mandatory optimizing frame,false,4
356,5577789389,Cross-platform even-keeled paradigm,false,3
357,9977239142,Mandatory value-added system engine,false,1
358,3071285914,Intuitive intermediate budgetary management,true,3
359,176331514,Re-contextualized homogeneous alliance,false,4
360,9513952665,Progressive multi-state Graphical User Interface,false,2
361,3753743836,Right-sized next generation encryption,false,4
362,8060767852,Decentralized bottom-line open architecture,true,2
363,8679151750,Ergonomic logistical artificial intelligence,false,1
364,2610466048,Robust zero tolerance paradigm,true,3
365,3291238990,User-centric interactive approach,false,3
366,4598825499,Grass-roots bi-directional adapter,true,4
367,4268543082,Stand-alone bifurcated archive,false,4
368,9569667893,Sharable system-worthy function,true,5
369,1576314561,Integrated holistic product,true,1
370,7672849026,Front-line coherent extranet,true,3
371,760031576,Optimized maximized capability,false,1
372,7058788189,Balanced responsive matrix,true,3
373,5455268376,Configurable secondary projection,false,1
374,3862384535,Distributed directional moratorium,false,4
375,7085251530,Polarised maximized alliance,false,5
376,6650341134,Progressive bottom-line algorithm,true,2
377,989218112,Customer-focused demand-driven standardization,true,1
378,4160060218,Secured encompassing product,true,5
379,1017987459,Digitized system-worthy task-force,false,3
380,4831578967,Reverse-engineered full-range capability,true,5
381,5169010265,Customer-focused grid-enabled product,false,1
382,9634245129,Programmable incremental groupware,false,4
383,6764610649,Total bifurcated middleware,false,5
384,6105342454,Secured logistical neural-net,false,3
385,5382600317,Enterprise-wide multi-state hub,true,4
386,1639016562,Polarised 4th generation attitude,false,3
387,8393472806,Upgradable 4th generation moratorium,false,4
388,5453971347,Pre-emptive 5th generation installation,true,3
389,9201134746,Self-enabling modular product,false,1
390,3116128561,Mandatory disintermediate emulation,false,3
391,5159509739,Organized 3rd generation hierarchy,true,3
392,2536153320,Horizontal 24 hour interface,true,1
393,6568430293,Cross-platform tangible open system,false,3
394,913243280,Sharable static core,false,2
395,8559536663,De-engineered actuating core,false,3
396,6270255368,Realigned needs-based challenge,false,2
397,2460108761,Diverse logistical data-warehouse,false,3
398,7316365994,Switchable bandwidth-monitored knowledge user,true,1
399,4654260749,Integrated dedicated encoding,false,1
400,5121960778,Robust bandwidth-monitored frame,false,1
401,3373547504,Fundamental dynamic firmware,false,1
402,747496919,Multi-layered 5th generation model,true,1
403,62043412,Monitored neutral capacity,true,3
404,9119091753,Assimilated neutral collaboration,false,4
405,8835173299,Re-engineered regional customer loyalty,true,4
406,4841791876,Open-source client-server leverage,false,1
407,3277258769,Visionary scalable installation,true,2
408,8868470969,Adaptive tertiary software,true,2
409,5001595118,Re-engineered background analyzer,true,2
410,6611757929,Reactive web-enabled neural-net,false,5
411,4724620013,Front-line needs-based moderator,false,2
412,2950794769,Expanded eco-centric utilisation,false,3
413,8168383966,Inverse system-worthy infrastructure,false,1
414,1124827358,Multi-channelled executive database,true,2
415,1641482656,Face to face client-driven data-warehouse,true,4
416,8779189873,Up-sized 5th generation initiative,false,2
417,2650559454,Balanced transitional policy,false,3
418,404260012,Configurable client-server secured line,false,2
419,372679110,Down-sized bandwidth-monitored customer loyalty,false,3
420,7090550273,Exclusive fresh-thinking challenge,false,4
421,6624327685,Compatible regional process improvement,false,4
422,3647526711,Programmable needs-based info-mediaries,false,5
423,6579965983,Advanced value-added contingency,false,3
424,3713718067,Upgradable interactive extranet,false,4
425,3019648610,Optional upward-trending customer loyalty,true,1
426,3839618061,Progressive real-time workforce,false,1
427,2066967459,Self-enabling analyzing firmware,false,2
428,3769182898,Organic encompassing contingency,true,3
429,4777540227,Versatile actuating hardware,false,2
430,6656275362,Enterprise-wide discrete open architecture,true,5
431,5221482169,Right-sized methodical migration,true,2
432,4910691359,Reverse-engineered stable encoding,false,2
433,805185941,Automated scalable product,true,3
434,2473607621,Virtual composite hub,false,2
435,9666136554,Fully-configurable attitude-oriented moratorium,false,2
436,1080790349,Object-based solution-oriented conglomeration,false,5
437,5198496847,Right-sized bandwidth-monitored adapter,false,3
438,3504256451,Devolved zero defect projection,true,1
439,7973180206,Re-engineered value-added architecture,false,1
440,4960892218,Managed dynamic system engine,false,4
441,3964295434,Integrated contextually-based moratorium,false,1
442,5459927072,Devolved local capacity,true,4
443,132643162,Decentralized web-enabled array,true,1
444,2791382895,Profound high-level forecast,true,1
445,4797873698,Reverse-engineered local knowledge base,false,3
446,1075582601,Multi-layered fresh-thinking synergy,false,3
447,8451152201,Secured solution-oriented approach,false,4
448,51080702,Focused multi-state monitoring,true,3
449,4905629292,Phased background standardization,true,5
450,4997882593,Configurable incremental capacity,false,1
451,4760209174,Ergonomic didactic task-force,true,3
452,3472723300,Organic system-worthy capacity,true,2
453,3051523917,Advanced hybrid migration,true,5
454,6299209909,Exclusive cohesive encoding,false,2
455,7479174454,User-centric 24 hour algorithm,false,2
456,4740629682,Upgradable attitude-oriented knowledge user,false,4
457,7940935917,Organized 4th generation capability,true,5
458,3808855193,Multi-lateral demand-driven focus group,true,3
459,9385155636,Grass-roots fault-tolerant firmware,true,4
460,3431041035,Multi-lateral real-time hardware,false,1
461,1986627500,Integrated systematic implementation,false,3
462,4342876345,Reactive exuding toolset,false,5
463,2116898048,Function-based fault-tolerant instruction set,true,1
464,4100360142,Customizable 24 hour focus group,false,4
465,8266018170,Triple-buffered zero defect open architecture,true,1
466,6231535681,Decentralized heuristic standardization,false,5
467,1385854286,Mandatory global parallelism,true,4
468,8883545060,Integrated high-level collaboration,true,5
469,6170514280,Inverse grid-enabled monitoring,true,4
470,6847851635,Inverse optimizing matrix,true,3
471,4089559979,Virtual attitude-oriented frame,false,4
472,1882233093,Switchable systematic Graphic Interface,false,1
473,4234154822,Organized composite standardization,true,1
474,9807752264,Synergistic 4th generation Graphic Interface,true,3
475,7431584997,Down-sized global standardization,true,4
476,4389465163,Programmable asynchronous secured line,false,2
477,8497948211,Organic 24/7 methodology,true,5
478,7655354677,Future-proofed background challenge,false,3
479,4542236315,Robust value-added hardware,true,2
480,4003109384,Organized dynamic strategy,true,4
481,6756469843,Monitored bandwidth-monitored analyzer,true,4
482,2199255816,Reactive web-enabled access,false,4
483,1186465611,Enhanced 24/7 portal,false,1
484,8371092482,Synergistic client-driven instruction set,true,2
485,8692126039,Centralized logistical system engine,true,4
486,8970124578,Synergistic needs-based encoding,false,2
487,6641527506,Fundamental maximized projection,true,4
488,6964989730,Horizontal explicit frame,false,3
489,8103524468,Fully-configurable local capacity,true,2
490,9428747823,Centralized clear-thinking knowledge base,false,1
491,1224158547,Cloned responsive moderator,true,4
492,5196329048,Compatible background function,true,5
493,8484648257,Quality-focused cohesive customer loyalty,true,3
494,9002596545,Phased maximized capacity,false,3
495,7004115852,Realigned asynchronous local area network,false,3
496,3135323714,Multi-tiered interactive knowledge base,true,2
497,8022364991,Ergonomic modular implementation,false,4
498,9431236028,Ameliorated didactic challenge,true,2
499,5115858029,Streamlined asynchronous moderator,true,2
500,6045057376,Proactive mobile toolset,false,2
501,7293849168,Realigned radical strategy,true,3
502,2513569091,Re-engineered eco-centric function,true,3
503,6628243753,Customizable dedicated portal,false,3
504,780407962,Team-oriented human-resource conglomeration,true,2
505,7581758656,Operative real-time Graphical User Interface,false,3
506,2636498656,Quality-focused scalable application,false,5
507,8829942286,Optional stable pricing structure,false,4
508,9993173819,Grass-roots systemic workforce,false,3
509,3436971839,Fundamental object-oriented customer loyalty,false,5
510,8992237758,Re-contextualized zero defect collaboration,true,4
511,3503540296,Public-key holistic capacity,true,5
512,1738949788,Pre-emptive background intranet,false,3
513,2529063915,Intuitive discrete conglomeration,true,1
514,3813665127,Customizable bi-directional pricing structure,true,4
515,6613201200,Versatile intangible concept,false,3
516,6088988282,Extended full-range synergy,true,3
517,2009179137,Digitized neutral conglomeration,true,2
518,5648971427,Horizontal tertiary portal,false,4
519,6027295767,Operative bandwidth-monitored hardware,false,5
520,7164897336,Cloned human-resource support,true,4
521,9821796176,Re-engineered object-oriented Graphic Interface,true,4
522,5638062599,Switchable upward-trending frame,true,1
523,8059544616,Open-architected disintermediate collaboration,false,3
524,2371742325,Synergistic 24 hour standardization,true,4
525,255307616,Advanced 4th generation function,false,4
526,7790538071,Networked logistical toolset,false,1
527,1057665959,Customizable intermediate core,false,5
528,8249231627,Persevering fresh-thinking open system,true,3
529,8541808564,Business-focused client-driven open system,false,1
530,4032562253,Future-proofed hybrid service-desk,true,3
531,8337350881,Total asynchronous framework,true,1
532,1328056104,Phased background intranet,false,1
533,2264815930,Centralized exuding open system,false,3
534,9665709100,Grass-roots empowering product,false,1
535,7282258325,Compatible zero defect model,true,4
536,237398486,Seamless uniform implementation,false,3
537,8301807687,Enterprise-wide upward-trending utilisation,true,1
538,1261939514,Object-based actuating extranet,true,1
539,7702496428,Synergized fresh-thinking product,true,3
540,5465813571,Cloned dedicated approach,true,5
541,6919648466,Diverse tertiary hierarchy,false,1
542,2795238594,Profit-focused actuating challenge,false,3
543,1623000521,Multi-channelled maximized synergy,false,2
544,7240850323,Persevering intermediate moderator,true,5
545,5383666494,De-engineered methodical firmware,true,5
546,2579511318,Profound 24 hour utilisation,false,5
547,9606602400,Re-contextualized optimal emulation,false,3
548,4825343724,Upgradable global benchmark,false,2
549,9909438011,Cross-group systematic contingency,false,1
550,6734604071,User-centric even-keeled process improvement,false,3
551,8892361937,Innovative asynchronous collaboration,false,4
552,4640688458,Quality-focused zero tolerance frame,false,3
553,746413327,Polarised well-modulated info-mediaries,true,5
554,7182079259,Fundamental incremental challenge,true,1
555,3412539406,Devolved content-based model,false,5
556,8400097866,Inverse multi-tasking standardization,false,4
557,693463333,Synchronised attitude-oriented function,true,5
558,9120733003,Programmable multi-state groupware,true,3
559,2804500632,Monitored secondary functionalities,false,2
560,7975286702,De-engineered didactic structure,false,3
561,2530189412,Customizable optimizing ability,true,2
562,937899879,Front-line responsive monitoring,false,4
563,5573559443,Front-line encompassing instruction set,false,5
564,1576450252,Ergonomic clear-thinking core,false,2
565,6420457149,Organic encompassing focus group,false,1
566,9823646996,Progressive responsive toolset,false,1
567,5044731048,Balanced bi-directional intranet,true,4
568,4560232245,Open-source transitional frame,false,2
569,3749606862,Pre-emptive coherent attitude,false,5
570,738648078,Compatible intermediate throughput,false,3
571,6615036126,Horizontal needs-based secured line,false,3
572,3340143544,Assimilated upward-trending infrastructure,true,4
573,7040222493,Organized tangible product,false,1
574,2167137362,Front-line 24/7 infrastructure,false,1
575,8169119979,Innovative asynchronous system engine,false,5
576,9701176480,Versatile client-server product,true,5
577,6972972884,Balanced upward-trending process improvement,false,4
578,2542291179,Profound eco-centric synergy,false,5
579,7861826066,Persevering high-level system engine,false,4
580,414547713,Seamless multi-tasking concept,true,4
581,3085966005,Persevering optimizing groupware,false,1
582,625587456,Streamlined hybrid superstructure,false,1
583,9991075585,Grass-roots reciprocal forecast,true,5
584,5113265470,Mandatory national definition,false,2
585,4098901285,Networked web-enabled local area network,true,2
586,2187968928,Face to face maximized core,true,1
587,8800998410,Enterprise-wide radical portal,false,5
588,2308624892,Quality-focused 6th generation orchestration,true,1
589,5783811424,Diverse 3rd generation concept,true,5
590,7492962037,Phased optimizing methodology,false,2
591,3486920553,Front-line non-volatile hierarchy,false,2
592,7917016773,Stand-alone full-range utilisation,false,2
593,2380201838,Diverse mobile help-desk,false,1
594,9089995242,Cross-group fault-tolerant installation,false,1
595,7297290882,Grass-roots stable emulation,true,1
596,741107325,Decentralized static functionalities,true,2
597,9514810430,Quality-focused radical matrix,false,2
598,3945669286,Automated 24/7 hierarchy,false,5
599,3125598613,De-engineered coherent protocol,false,2
600,8377830310,Visionary multimedia synergy,true,3
601,9563663683,Mandatory responsive interface,true,2
602,1524911321,De-engineered solution-oriented internet solution,true,1
603,6938214549,Multi-layered client-server Graphic Interface,false,2
604,2011699754,Automated client-server Graphical User Interface,false,4
605,2822471142,Synergistic regional functionalities,true,5
606,2623332495,User-centric coherent orchestration,true,1
607,8312308091,Future-proofed local implementation,true,1
608,4564797328,Phased fault-tolerant extranet,true,2
609,1645193608,Synergistic asynchronous contingency,false,5
610,4271549452,Phased asymmetric local area network,true,5
611,1581315902,Stand-alone holistic time-frame,false,5
612,5644386155,Mandatory uniform superstructure,false,4
613,8568688195,Advanced 3rd generation hub,false,1
614,9188479471,Progressive discrete middleware,false,2
615,4170458435,Phased dedicated encoding,false,5
616,572050232,Organized maximized groupware,true,4
617,4728089339,Mandatory fault-tolerant toolset,false,3
618,9088475539,Future-proofed client-server collaboration,true,2
619,2893219616,Reactive encompassing frame,true,1
620,1812801475,Face to face foreground core,false,5
621,9770898651,Automated holistic secured line,true,4
622,6259338821,Configurable intangible projection,false,2
623,2098606389,Open-architected mobile time-frame,true,4
624,8979850824,Inverse interactive firmware,true,1
625,1045336181,Assimilated encompassing hub,false,3
626,1336892897,Automated stable moderator,true,4
627,6500401654,Object-based next generation standardization,true,1
628,877485380,Public-key cohesive matrix,true,3
629,1705005993,Robust multi-tasking leverage,false,4
630,5227406952,Distributed asymmetric interface,false,3
631,5959303957,Customizable heuristic customer loyalty,true,1
632,5992772839,Visionary client-driven support,true,1
633,6805093694,Advanced cohesive system engine,false,2
634,5792463034,Reduced exuding firmware,true,3
635,6420061350,Implemented scalable initiative,true,1
636,636073807,Reduced intangible extranet,true,2
637,9028999264,Intuitive encompassing customer loyalty,true,3
638,9035710347,Inverse zero tolerance focus group,false,5
639,2383822639,Down-sized systemic website,false,3
640,3647392871,Distributed 4th generation archive,false,1
641,9436749341,Self-enabling fresh-thinking matrices,true,1
642,3615814142,Persevering hybrid conglomeration,true,5
643,8958323892,Synergized fault-tolerant knowledge user,true,1
644,752773216,Multi-tiered systemic extranet,true,5
645,7154499222,Profound empowering utilisation,true,5
646,3949329587,Managed tangible concept,false,2
647,6624842881,Team-oriented demand-driven open architecture,true,4
648,4312493863,Fundamental responsive challenge,false,2
649,7871994239,De-engineered methodical Graphical User Interface,true,3
650,9526617576,Enterprise-wide 3rd generation access,true,3
651,8372996857,Balanced empowering analyzer,false,4
652,7210150234,Devolved analyzing protocol,true,5
653,3526239142,Reverse-engineered demand-driven installation,false,4
654,9113229605,Implemented incremental intranet,true,2
655,4073614428,Multi-tiered explicit system engine,false,1
656,3530738506,Business-focused dedicated data-warehouse,true,3
657,8829828416,Business-focused 24 hour open architecture,false,4
658,9651276444,Compatible regional emulation,false,5
659,8812433952,Future-proofed explicit help-desk,false,4
660,6491431525,Intuitive well-modulated interface,false,3
661,7085798122,Implemented client-server knowledge user,true,1
662,1932664343,Expanded cohesive access,true,2
663,8851372918,Proactive grid-enabled leverage,true,3
664,7199540698,Triple-buffered system-worthy matrices,true,3
665,4362926925,User-friendly global interface,true,1
666,7697771519,Virtual client-server matrices,true,5
667,7613146200,Down-sized interactive open system,false,3
668,3639334280,Decentralized radical instruction set,true,5
669,792112350,Customer-focused dedicated knowledge user,true,4
670,3447325887,Upgradable reciprocal paradigm,false,4
671,4983624996,Secured non-volatile leverage,false,1
672,2412002150,Sharable logistical middleware,false,1
673,5951298369,Expanded eco-centric process improvement,false,5
674,7006162661,Down-sized global encoding,true,1
675,7632270515,Fully-configurable zero defect service-desk,true,3
676,8443312785,Progressive even-keeled monitoring,false,4
677,6549021979,Total eco-centric standardization,false,3
678,6597128265,Realigned composite time-frame,true,4
679,569099366,Secured actuating benchmark,true,5
680,9113306499,Decentralized human-resource throughput,false,3
681,4915125149,Persevering hybrid extranet,false,2
682,1326584863,Compatible neutral portal,true,5
683,7974637579,Ameliorated intangible interface,true,3
684,9451424997,Centralized leading edge portal,true,2
685,3197648161,Customizable coherent framework,true,5
686,5791965516,Centralized bottom-line database,false,3
687,4396331924,Implemented coherent access,true,1
688,7928626357,Virtual zero administration access,true,2
689,650883187,Virtual reciprocal approach,true,1
690,8825725299,Profit-focused attitude-oriented info-mediaries,false,3
691,9647903499,Public-key leading edge hub,false,5
692,2810559910,Progressive client-server product,false,4
693,1479262471,Automated next generation contingency,false,3
694,1073965724,Optional heuristic synergy,false,3
695,5335440678,Proactive tertiary paradigm,true,3
696,4130745883,Fully-configurable secondary database,false,5
697,7460795003,Team-oriented multimedia superstructure,true,5
698,3977025597,Reactive empowering synergy,true,2
699,5258630706,Balanced asynchronous knowledge user,false,4
700,5676192267,Extended executive algorithm,true,4
701,9846107986,Expanded 5th generation forecast,false,5
702,9847771162,Organic zero tolerance pricing structure,false,2
703,1394954557,Triple-buffered attitude-oriented alliance,false,3
704,3731217724,Advanced radical synergy,true,5
705,1104040387,Innovative coherent monitoring,true,5
706,9282109194,Streamlined system-worthy standardization,false,3
707,6931811347,Down-sized logistical hardware,false,1
708,3731402599,De-engineered dedicated secured line,false,4
709,4469657700,User-friendly client-driven contingency,false,5
710,4833551721,Quality-focused 6th generation paradigm,true,4
711,2919726676,Team-oriented stable firmware,true,5
712,3863449495,Cross-platform zero administration customer loyalty,true,1
713,7498088444,Total high-level process improvement,true,4
714,1590063562,Seamless reciprocal contingency,false,3
715,9717788944,Devolved disintermediate capacity,false,4
716,5538291723,Intuitive web-enabled collaboration,true,1
717,4110383110,Ameliorated 24/7 intranet,true,4
718,3150347955,Customizable client-driven website,true,1
719,3571668790,Extended value-added synergy,true,5
720,5322744460,Optimized systematic array,true,3
721,3321919001,Business-focused client-driven time-frame,false,2
722,1038028620,Multi-tiered exuding task-force,true,1
723,7725563946,Grass-roots bifurcated encryption,true,1
724,8771773282,Fundamental encompassing infrastructure,false,1
725,5369090823,Synchronised 24 hour open architecture,false,3
726,5675765115,Front-line multimedia matrices,false,4
727,1422650081,Adaptive actuating success,true,3
728,4885287332,Devolved mobile functionalities,true,2
729,8903369947,Integrated heuristic capability,true,3
730,7051446436,Reverse-engineered non-volatile array,true,3
731,9057255685,Balanced background core,false,4
732,9304950252,Distributed tertiary model,true,4
733,590982516,Universal didactic framework,false,2
734,1328655709,Cloned full-range middleware,false,1
735,8544832687,Organic zero defect hardware,false,1
736,5183256128,Pre-emptive coherent approach,true,2
737,1547735600,Cross-group regional attitude,true,4
738,2917893699,Mandatory web-enabled intranet,false,1
739,8185397368,Self-enabling reciprocal intranet,false,3
740,7253444655,Networked composite functionalities,false,5
741,8662173063,Organic contextually-based open system,false,2
742,2428003739,Team-oriented bottom-line analyzer,false,2
743,3088829483,Virtual even-keeled orchestration,true,5
744,2596560607,Down-sized tertiary info-mediaries,false,2
745,6460930031,Programmable logistical capacity,true,4
746,3708256514,Total bifurcated Graphic Interface,true,3
747,1227990367,Centralized intermediate hardware,false,3
748,6652933535,Synchronised well-modulated algorithm,true,1
749,3443666361,Synchronised web-enabled encoding,false,3
750,3020313694,Public-key clear-thinking hierarchy,false,2
751,6602585835,Customer-focused impactful challenge,true,4
752,2328393446,Future-proofed 24 hour hub,true,5
753,862992982,Multi-layered incremental alliance,false,3
754,641206933,Fully-configurable context-sensitive analyzer,true,1
755,221385223,Virtual needs-based task-force,false,3
756,1547185899,Innovative 24 hour system engine,false,1
757,7583522412,Open-architected 6th generation customer loyalty,true,2
758,927438267,Inverse needs-based structure,false,1
759,8228407165,Diverse system-worthy installation,false,1
760,4455495770,Persevering real-time model,false,2
761,5991353492,Robust cohesive system engine,false,4
762,1889119059,De-engineered analyzing neural-net,true,5
763,6020427692,Cross-platform user-facing monitoring,false,4
764,4447496607,Synergistic solution-oriented definition,false,2
765,4993587457,Synergistic optimizing support,false,2
766,5166808479,Fundamental 3rd generation synergy,false,3
767,7281122152,Function-based didactic system engine,true,2
768,5956645075,Innovative bifurcated pricing structure,false,3
769,4038875393,Implemented composite synergy,true,1
770,7612808420,Synergized intangible implementation,true,4
771,862286336,Total local application,false,4
772,5967298169,Enhanced regional service-desk,true,3
773,2259289630,Advanced dedicated throughput,true,5
774,2873225858,Mandatory human-resource info-mediaries,false,1
775,5156664652,Versatile transitional migration,false,2
776,6797635691,Programmable modular analyzer,false,1
777,1663979820,Configurable real-time infrastructure,false,3
778,9624925704,Visionary 5th generation access,false,4
779,8806924702,Open-architected attitude-oriented interface,false,3
780,194550982,Cross-platform human-resource utilisation,true,4
781,969009089,Re-contextualized interactive framework,true,5
782,7691044232,Stand-alone attitude-oriented knowledge user,false,2
783,7741903381,Up-sized background interface,true,4
784,3047053073,Compatible intangible approach,false,3
785,2434869068,Realigned intermediate website,true,3
786,4422729071,Optimized cohesive paradigm,false,3
787,4848004969,Persistent 24 hour synergy,true,3
788,2380677727,Adaptive composite service-desk,false,3
789,3606376065,Stand-alone interactive task-force,false,3
790,7424520695,Reverse-engineered disintermediate ability,true,1
791,1437591434,Seamless stable array,false,1
792,5338424320,Intuitive user-facing attitude,false,5
793,4088714210,Integrated multi-state matrices,false,5
794,7654473524,Up-sized asymmetric support,false,2
795,2649856130,Proactive user-facing moratorium,true,1
796,6111334514,Organic foreground internet solution,false,3
797,584248202,Future-proofed high-level firmware,false,1
798,3991117320,Reactive needs-based structure,true,4
799,674775384,Multi-layered secondary productivity,true,5
800,748613536,Synchronised optimizing customer loyalty,false,2
801,9468248984,De-engineered multimedia matrix,true,5
802,5704082335,Ameliorated web-enabled support,false,4
803,8593893678,Cross-group 4th generation info-mediaries,true,1
804,7267279112,Team-oriented multi-tasking software,true,4
805,4739288338,Adaptive 5th generation moratorium,true,1
806,3219925227,Virtual impactful internet solution,false,4
807,7962052937,Assimilated tertiary project,false,2
808,8851334250,Inverse bifurcated matrix,true,1
809,4875594585,Streamlined dedicated projection,false,5
810,215167546,De-engineered foreground installation,false,4
811,9045823101,Reduced 4th generation product,true,2
812,3178398961,Ergonomic scalable adapter,true,2
813,5563005089,Enterprise-wide clear-thinking ability,false,3
814,396839797,Triple-buffered incremental matrix,false,1
815,8721831599,Secured radical info-mediaries,true,3
816,1840048409,Grass-roots systemic hardware,true,2
817,3742061259,Up-sized context-sensitive functionalities,true,5
818,6735079078,Secured cohesive data-warehouse,true,2
819,458669520,Seamless multimedia hierarchy,true,4
820,7427984307,Adaptive maximized frame,true,2
821,3885327376,Enterprise-wide needs-based info-mediaries,true,5
822,1056050284,Object-based 24 hour project,false,2
823,3790733393,Decentralized uniform capability,false,1
824,3139125925,Self-enabling upward-trending model,true,2
825,2631304918,Polarised bandwidth-monitored implementation,true,4
826,148056202,Configurable object-oriented interface,false,3
827,3123276678,Quality-focused content-based leverage,false,1
828,7659791532,Ergonomic client-driven service-desk,true,2
829,4436575241,Face to face multimedia complexity,false,1
830,7363933480,Digitized interactive focus group,false,4
831,2607542790,Team-oriented solution-oriented archive,true,5
832,4723051368,Re-contextualized directional projection,false,1
833,6755366722,Organic fault-tolerant support,false,1
834,9237651260,Persistent multi-tasking capacity,true,3
835,2611479569,Centralized uniform initiative,false,5
836,5014803830,Innovative mobile algorithm,true,5
837,8801437145,Implemented executive data-warehouse,false,2
838,919745318,Managed full-range migration,false,3
839,2186741016,De-engineered bi-directional attitude,false,1
840,9366724140,Intuitive empowering methodology,false,3
841,8643631612,Versatile contextually-based time-frame,false,5
842,5391266173,Phased uniform array,true,4
843,871084716,Ameliorated background standardization,false,1
844,292643748,Organic value-added support,false,3
845,3403622231,Cross-group mission-critical superstructure,true,4
846,4588237624,User-friendly eco-centric function,true,1
847,4121840577,Compatible heuristic complexity,true,3
848,3199878199,Expanded multi-state open system,true,5
849,5792858322,Public-key radical circuit,true,2
850,7170629178,Triple-buffered fresh-thinking website,true,2
851,9100145831,Horizontal eco-centric hub,true,2
852,5657097599,Persistent analyzing migration,true,4
853,4274412180,Digitized contextually-based emulation,false,4
854,7485466720,Extended needs-based frame,true,3
855,9951620299,Fundamental motivating software,false,4
856,839885644,Intuitive global focus group,true,3
857,9639824518,Diverse neutral matrix,false,3
858,5303693279,Synergized scalable algorithm,true,5
859,4810874397,Streamlined incremental initiative,false,1
860,4078710107,Balanced tertiary installation,true,2
861,1417314915,Intuitive solution-oriented architecture,true,4
862,3242150821,Compatible optimal superstructure,true,3
863,1584150173,Inverse intermediate secured line,false,4
864,1550323121,Exclusive system-worthy projection,false,2
865,1612993648,Organized coherent open architecture,true,5
866,9137449141,Synchronised methodical concept,false,2
867,3960213255,Open-source needs-based encryption,false,4
868,6513420458,Switchable encompassing moderator,true,1
869,8048093839,Integrated 3rd generation toolset,false,2
870,7900839054,User-centric demand-driven help-desk,true,3
871,3179879882,Monitored systemic Graphical User Interface,false,2
872,5560481793,Automated user-facing standardization,false,3
873,371033292,Diverse systematic interface,false,5
874,7584484980,Adaptive empowering ability,false,5
875,1389781836,Proactive contextually-based Graphical User Interface,false,2
876,8597601647,Open-source systematic protocol,false,4
877,2810762481,Customizable analyzing monitoring,true,4
878,7622107212,Ergonomic mission-critical encoding,false,5
879,300755201,Operative stable migration,true,1
880,8533030916,Enhanced regional interface,true,3
881,796643180,Digitized radical artificial intelligence,true,4
882,7550421269,Networked empowering flexibility,false,2
883,4191463217,Fully-configurable well-modulated local area network,false,5
884,5570889302,Open-architected fresh-thinking capability,false,5
885,5860334559,Synchronised encompassing projection,true,2
886,5236670144,Decentralized clear-thinking implementation,false,5
887,110462297,Assimilated well-modulated extranet,true,4
888,2255281074,Networked object-oriented flexibility,false,5
889,1346744424,Balanced 24/7 policy,false,3
890,4079521057,Organized 24 hour interface,false,3
891,4971329579,Customizable client-driven open architecture,true,1
892,2620503000,Down-sized encompassing Graphic Interface,true,5
893,7973783504,Grass-roots uniform superstructure,true,4
894,7679108501,Switchable empowering knowledge base,false,1
895,5710558710,Advanced bifurcated paradigm,true,3
896,8814431795,Quality-focused mission-critical standardization,false,1
897,6043085828,Operative systematic monitoring,false,3
898,2857943784,Front-line incremental hardware,true,5
899,8934054549,Secured 24/7 open architecture,true,5
900,7078620763,Extended modular array,false,2
901,6791310995,Pre-emptive dynamic website,false,3
902,8738900831,Open-source multi-tasking interface,false,1
903,9366289886,Enterprise-wide zero tolerance conglomeration,true,2
904,6201022945,Synergized human-resource definition,false,2
905,5789652395,Realigned grid-enabled pricing structure,true,2
906,1044979186,Progressive well-modulated application,true,3
907,9588460174,Focused background product,false,5
908,8968085528,Reverse-engineered zero tolerance circuit,false,2
909,1813811598,Virtual non-volatile monitoring,true,1
910,2653382261,Polarised mobile software,false,1
911,3790640131,Multi-lateral asynchronous workforce,false,5
912,7879714421,Switchable methodical system engine,false,5
913,8248001741,Multi-tiered zero defect functionalities,true,1
914,7088952785,Public-key 5th generation moratorium,true,2
915,344538702,Implemented clear-thinking implementation,false,4
916,2768803766,Intuitive directional array,false,5
917,4427446620,Future-proofed explicit task-force,true,5
918,6247379900,Mandatory contextually-based middleware,true,5
919,4312282811,Triple-buffered uniform function,true,3
920,2164991427,Versatile transitional knowledge user,false,5
921,7179598607,Digitized non-volatile orchestration,false,3
922,1489583718,Vision-oriented reciprocal definition,true,1
923,8950459507,Synergized empowering interface,false,4
924,7072401768,Extended exuding emulation,true,1
925,4436165396,Reduced fault-tolerant pricing structure,true,1
926,8851594775,User-centric client-server neural-net,true,1
927,2093054760,Diverse solution-oriented internet solution,true,2
928,239364473,Customizable demand-driven pricing structure,false,2
929,3872153234,Organized explicit initiative,false,3
930,3576156518,Multi-lateral homogeneous time-frame,false,5
931,3593477068,Cross-group optimizing model,false,3
932,7102245432,Enhanced eco-centric moratorium,true,1
933,7350756615,Expanded even-keeled frame,true,3
934,4168705676,Switchable multi-state archive,false,1
935,4141311456,Virtual object-oriented contingency,true,1
936,5173580178,Quality-focused multimedia task-force,false,4
937,5806843114,Total neutral conglomeration,false,3
938,9767400931,Networked zero tolerance time-frame,true,5
939,6786019021,Mandatory attitude-oriented focus group,true,4
940,6723541278,Optional 4th generation functionalities,true,2
941,4396496923,Cross-group multi-state moderator,true,2
942,7352782923,User-friendly web-enabled hub,false,2
943,5531460627,Open-source clear-thinking internet solution,false,4
944,2662583940,Multi-lateral fresh-thinking framework,true,3
945,9198991248,Open-source eco-centric definition,true,1
946,5257851032,Versatile client-driven knowledge user,false,2
947,2777283192,Secured intangible ability,false,3
948,2339717590,Automated logistical artificial intelligence,false,1
949,1340672383,Ergonomic bandwidth-monitored synergy,false,1
950,7931973593,Multi-layered encompassing product,false,3
951,2893727816,Innovative user-facing projection,true,4
952,9423303706,Triple-buffered clear-thinking hub,false,2
953,4887961324,Expanded non-volatile artificial intelligence,false,2
954,973245964,Versatile full-range infrastructure,true,3
955,9617180480,Face to face national synergy,true,1
956,1595723676,Cross-platform content-based monitoring,true,4
957,4038328589,Seamless hybrid parallelism,true,1
958,3486459848,Front-line foreground strategy,true,1
959,9725664213,Cross-group reciprocal intranet,true,1
960,1176454145,Phased holistic conglomeration,true,3
961,4546503830,Devolved regional knowledge user,true,1
962,4674897475,Optional solution-oriented functionalities,true,4
963,2700336968,Secured 6th generation methodology,false,1
964,8778983541,Intuitive grid-enabled monitoring,false,5
965,9013553524,Triple-buffered radical groupware,false,2
966,7379965050,Function-based holistic matrix,false,1
967,8389200945,Automated tangible hardware,false,4
968,2804007995,Open-architected content-based database,false,1
969,6215680052,Networked regional firmware,true,2
970,9308563628,Universal foreground secured line,true,1
971,1338420372,Digitized asymmetric application,true,3
972,7123576748,Intuitive object-oriented alliance,true,2
973,102980535,Visionary value-added monitoring,false,2
974,4991964911,Fully-configurable encompassing secured line,false,3
975,8292045066,Total coherent secured line,true,4
976,5589529182,Streamlined global framework,false,3
977,6855965334,Public-key intermediate methodology,false,4
978,7948185763,Up-sized optimal alliance,false,5
979,503362948,Ergonomic attitude-oriented hardware,false,4
980,981042333,User-friendly multi-tasking budgetary management,false,4
981,4693507032,Versatile mission-critical migration,true,1
982,5082488570,Polarised bifurcated utilisation,true,3
983,2169069186,Versatile tertiary installation,false,5
984,4485852253,Quality-focused solution-oriented access,true,1
985,8994610294,Optimized upward-trending groupware,true,5
986,9688551937,Fully-configurable 3rd generation model,false,3
987,6048888961,Customizable impactful portal,true,1
988,4385363420,Total real-time access,false,3
989,4941445430,Future-proofed 3rd generation frame,false,4
990,8202756472,Programmable interactive service-desk,true,3
991,7233457638,Advanced object-oriented service-desk,true,4
992,95887318,Quality-focused disintermediate parallelism,false,2
993,773163735,Centralized explicit success,false,3
994,725897732,Polarised directional instruction set,false,5
995,8188756490,Front-line dynamic matrix,false,4
996,5141868907,Adaptive object-oriented conglomeration,true,4
997,7519952479,Balanced content-based throughput,false,4
998,3457621276,Function-based discrete adapter,true,1
999,4272638114,Switchable explicit attitude,false,2
1000,2688794264,Synchronised multi-state service-desk,true,5
